TARUN,BALWANI,25,BOSTON,BRIGHTON,30
PRATIK,NAKAVE,26,BOSTON,BRIGHTON,31
SNEHA,METHWANI,26,BOSTON,ROXBURY,32
AKSHAY,BAYES,45,BOSTON,ROXBURY,33
DIKSHA ,JAISWAL,75,BOSTON,BRIGHTON,34
VINEET,HARSORA,32,BOSTON,BRIGHTON,35
TEJAS ,WATE,33,BOSTON,ROXBURY,36
VIRENDRA,RATHORE,44,BOSTON,ROXBURY,37
DIXITA,SHARMA,66,BOSTON,BRIGHTON,38
KIRAN,REDDY,33,BOSTON,BRIGHTON,39
DINESH,BO,24,BOSTON,ROXBURY,40
WUPIN,WANG,87,BOSTON,ROXBURY,41
MANISH,MALHOTRA,56,BOSTON,BRIGHTON,42
ALIA,BHATT,54,BOSTON,BRIGHTON,43
MARIO,LUIGI,45,BOSTON,ROXBURY,44
LEE,CHONG,44,BOSTON,ROXBURY,45
JINAL,MAMANIYA,87,BOSTON,BRIGHTON,46
CHINMAY,ASHTIKAR,63,BOSTON,BRIGHTON,47
ANMOL,MALIK,21,BOSTON,ROXBURY,48
WILSON,WEST,20,BOSTON,ROXBURY,49